{"mean": 4.294645918889728e-07, "std": 3.557946683940827e-07}